id,n2021,n2025,ai2021,ai2025,rev2025,rct,topj_ai,preprint2025
t2d,12198,11014,127,445,2232,7202,8,0
metformin,2926,3072,12,65,650,1568,2,24
hypertension,9435,7875,94,275,1372,3507,1,0
sepsis,11695,13419,198,802,2022,1884,34,83
readmission,1946,2136,59,92,169,590,2,0
alzheimers,7599,9169,317,896,2001,912,14,0
mci,6205,8377,205,530,1259,2046,5,0
cgm,929,1572,26,128,247,797,3,8
wearables,5187,9106,803,2155,1923,679,79,66
ppg,412,663,87,213,59,86,10,5
digital_biomarkers,197,460,72,183,89,10,17,23
digital_phenotyping,136,247,40,88,60,10,5,8
radiology,86182,87862,5397,11721,10105,11983,283,660
ecg,4329,3436,358,693,298,1171,19,0
pkpd,1974,2012,41,129,309,1112,0,10
mipd,96,208,4,25,62,15,0,1
rwe,1303,3135,34,178,547,96,10,13
tte,29,495,1,21,29,24,1,17
value_based,396,470,7,31,91,25,3,2
llm_med,1,7312,0,5571,903,48,155,245
foundation_models,6,998,1,667,154,1,60,105
ambient_scribe,0,61,0,50,6,0,5,3
algo_fairness,30,537,22,473,313,1,11,7
dataset_shift,28,112,16,65,10,1,3,6
ai_implementation,370,2226,370,2226,986,42,113,17
digital_twin,171,914,45,365,176,5,18,23
